{
	"class_name" : "PinholeCameraParameters",
	"extrinsic" : 
	[
		0.73203850660997638,
		0.39613291082301072,
		0.55425476254437755,
		0.0,
		-0.32479271245938046,
		-0.51222634304274639,
		0.79506846713118562,
		0.0,
		0.59885667632039796,
		-0.76203864105171437,
		-0.24630832460666591,
		0.0,
		0.01613591516401619,
		-0.22988382965995158,
		2.4649545463226312,
		1.0
	],
	"intrinsic" : 
	{
		"height" : 1016,
		"intrinsic_matrix" : 
		[
			879.88181024498977,
			0.0,
			0.0,
			0.0,
			879.88181024498977,
			0.0,
			923.5,
			507.5,
			1.0
		],
		"width" : 1848
	},
	"version_major" : 1,
	"version_minor" : 0
}