{
	"class_name" : "PinholeCameraParameters",
	"extrinsic" : 
	[
		0.8949462375621986,
		0.15221916284940931,
		0.41940500513786189,
		0.0,
		-0.21628389485079624,
		-0.67416830842326358,
		0.7061999495510356,
		0.0,
		0.3902467279829962,
		-0.72272153584844867,
		-0.57042183769507382,
		0.0,
		0.24564893931957199,
		-0.33873618495601709,
		3.3660730147719882,
		1.0
	],
	"intrinsic" : 
	{
		"height" : 1016,
		"intrinsic_matrix" : 
		[
			879.88181024498977,
			0.0,
			0.0,
			0.0,
			879.88181024498977,
			0.0,
			923.5,
			507.5,
			1.0
		],
		"width" : 1848
	},
	"version_major" : 1,
	"version_minor" : 0
}
